{"iter": 1, "time": 0.0004940032958984375, "complexity": 7, "reward": 0.9901429838214715, "r2": 0.9970933680685187, "MDL": 19.802597045898438, "eqtree": "[x1 ** -1] (N=0, Q=0.00, MDL=20)"}
{"iter": 2, "time": 0.7419521808624268, "complexity": 8, "reward": 0.992027944069944, "r2": 1.0, "MDL": 27.252408981323242, "eqtree": "[x1, cos(x1), x1 ** -1 ** -1 * cos(x1)] (N=0, Q=0.00, MDL=27)", "speed": ["910ms/iter", "908us/iter"], "detailed_time": "None"}
